DateTime,High,Low,Average,Volume BTC
2016-11-17 00:00:00,697.28,688.90,694.06,10180.62
2016-11-16 00:00:00,693.96,663.51,678.60,15591.84
2016-11-15 00:00:00,667.49,658.48,662.21,10208.91
2016-11-14 00:00:00,662.07,646.67,652.60,440.87
2016-11-13 00:00:00,647.73,634.75,641.28,8598.91
2016-11-12 00:00:00,661.68,647.39,653.94,7143.55
2016-11-11 00:00:00,661.48,655.91,659.23,8209.71
2016-11-10 00:00:00,661.87,652.85,656.09,10643.64
2016-11-09 00:00:00,666.58,642.80,658.24,17424.87
2016-11-08 00:00:00,647.10,634.74,640.48,9836.9
2016-11-07 00:00:00,639.11,632.38,636.03,6959.88
2016-11-06 00:00:00,640.30,630.12,636.73,6264.93
2016-11-05 00:00:00,632.21,625.85,630.24,5592.0
2016-11-04 00:00:00,637.62,623.85,630.62,11023.56
2016-11-03 00:00:00,669.33,618.26,653.53,21503.6
2016-11-02 00:00:00,663.02,652.82,655.78,9819.91
2016-11-01 00:00:00,662.99,636.09,653.83,11542.03
2016-10-31 00:00:00,643.60,625.47,635.43,9852.91
2016-10-30 00:00:00,642.02,627.89,635.50,7311.76
2016-10-29 00:00:00,648.25,628.53,640.83,12078.4
2016-10-28 00:00:00,632.22,627.43,629.38,8237.93
2016-10-27 00:00:00,631.14,620.32,627.68,10761.02
2016-10-26 00:00:00,622.59,604.54,612.13,10368.42
2016-10-25 00:00:00,608.24,600.30,603.78,9496.27
2016-10-24 00:00:00,600.68,596.10,598.64,7673.16
2016-10-23 00:00:00,604.59,598.78,600.87,5574.24
2016-10-22 00:00:00,602.86,581.41,590.47,10159.05
2016-10-21 00:00:00,582.60,578.71,581.11,6504.9
2016-10-20 00:00:00,578.98,574.37,577.31,7786.95
2016-10-19 00:00:00,581.50,574.16,578.47,8391.51
2016-10-18 00:00:00,583.28,579.38,581.01,8964.88
2016-10-17 00:00:00,583.48,580.60,582.15,6906.8
2016-10-16 00:00:00,585.66,582.07,583.72,4885.37
2016-10-15 00:00:00,585.85,580.61,583.92,5213.25
2016-10-14 00:00:00,583.44,574.70,579.78,8827.54
2016-10-13 00:00:00,579.35,574.23,577.13,8188.02
2016-10-12 00:00:00,581.45,577.72,579.70,8224.31
2016-10-11 00:00:00,582.14,557.08,572.38,11429.47
2016-10-10 00:00:00,557.17,552.12,555.35,6531.29
2016-10-09 00:00:00,554.87,552.55,553.41,3933.86
2016-10-08 00:00:00,557.63,553.94,555.55,4210.18
2016-10-07 00:00:00,558.33,550.18,554.91,7759.94
2016-10-06 00:00:00,551.71,548.55,550.12,7643.57
2016-10-05 00:00:00,550.48,544.55,547.66,7240.43
2016-10-04 00:00:00,547.32,544.89,546.01,8090.72
2016-10-03 00:00:00,547.33,544.53,546.27,6240.22
2016-10-02 00:00:00,549.96,544.22,547.01,4725.86
2016-10-01 00:00:00,550.68,546.67,548.27,6458.05
2016-09-30 00:00:00,545.44,540.24,542.70,7753.83
2016-09-29 00:00:00,543.55,540.07,541.66,7692.35
2016-09-28 00:00:00,542.98,540.37,541.54,7526.39
2016-09-27 00:00:00,542.16,539.71,541.02,7234.7
2016-09-26 00:00:00,541.21,534.79,538.56,7564.53
2016-09-25 00:00:00,537.84,534.34,536.07,4032.66
2016-09-24 00:00:00,539.00,537.01,537.94,4498.6
2016-09-23 00:00:00,537.25,530.58,534.15,7087.38
2016-09-22 00:00:00,533.75,530.54,531.70,7058.35
2016-09-21 00:00:00,536.97,533.12,535.37,10020.32
2016-09-20 00:00:00,545.25,543.07,544.07,8306.88
2016-09-19 00:00:00,546.09,543.56,544.63,6485.42
2016-09-18 00:00:00,545.92,542.95,544.60,5134.08
2016-09-17 00:00:00,545.44,543.15,544.43,4486.18
2016-09-16 00:00:00,545.67,542.46,544.02,7261.33
2016-09-15 00:00:00,544.71,541.68,543.52,6779.26
2016-09-14 00:00:00,546.30,544.22,545.60,6243.3
2016-09-13 00:00:00,546.63,541.78,543.67,7965.13
2016-09-12 00:00:00,543.58,540.21,541.60,5766.17
2016-09-11 00:00:00,560.30,535.27,553.43,8455.55
2016-09-10 00:00:00,558.07,555.65,556.86,4158.57
2016-09-09 00:00:00,556.66,552.02,554.73,7105.82
2016-09-08 00:00:00,556.57,545.13,552.09,9204.51
2016-09-07 00:00:00,547.03,541.14,544.54,6755.76
2016-09-06 00:00:00,547.06,540.22,543.33,7404.1
2016-09-05 00:00:00,543.40,538.17,540.91,7462.97
2016-09-04 00:00:00,545.40,531.71,537.90,8017.5
2016-09-03 00:00:00,532.64,512.68,517.27,9741.0
2016-09-02 00:00:00,513.68,508.63,511.36,7821.11
2016-09-01 00:00:00,514.13,509.84,512.06,8095.51
2016-08-31 00:00:00,516.75,513.19,514.69,6309.86
2016-08-30 00:00:00,517.59,511.84,515.75,7783.96
2016-08-29 00:00:00,515.13,511.73,513.18,6660.6
2016-08-28 00:00:00,512.12,508.18,510.51,4453.28
2016-08-27 00:00:00,516.14,506.59,511.23,4746.79
2016-08-26 00:00:00,515.97,509.47,512.55,6835.88
2016-08-25 00:00:00,510.69,510.10,510.28,7482.82
2016-08-24 00:00:00,517.41,514.66,515.92,7406.18
2016-08-23 00:00:00,519.51,515.85,517.23,8314.03
2016-08-22 00:00:00,519.63,514.21,516.84,7014.75
2016-08-21 00:00:00,516.85,513.67,515.15,5433.57
2016-08-20 00:00:00,514.76,508.64,512.06,6076.09
2016-08-19 00:00:00,511.61,506.72,509.09,7028.57
2016-08-18 00:00:00,509.92,506.56,508.62,7821.02
2016-08-17 00:00:00,516.88,508.54,512.80,6579.94
2016-08-16 00:00:00,517.75,505.96,510.83,9492.43
2016-08-15 00:00:00,513.57,505.76,510.27,8107.82
2016-08-14 00:00:00,526.09,508.89,517.47,7827.68
2016-08-13 00:00:00,528.86,525.37,527.31,4297.04
2016-08-12 00:00:00,530.14,525.41,527.78,7874.21
2016-08-11 00:00:00,536.68,530.46,534.03,7847.59
2016-08-10 00:00:00,539.33,529.73,533.29,9356.28
2016-08-09 00:00:00,537.32,532.09,534.87,9124.14
2016-08-08 00:00:00,540.71,536.31,538.58,7334.67
2016-08-07 00:00:00,545.44,533.87,538.10,7070.82
2016-08-06 00:00:00,534.95,517.64,523.77,7664.89
2016-08-05 00:00:00,525.06,517.97,521.84,7423.65
2016-08-04 00:00:00,526.30,511.68,520.22,14052.05
2016-08-03 00:00:00,512.63,471.17,493.49,28743.06
2016-08-02 00:00:00,539.13,460.78,523.68,37328.27
2016-08-01 00:00:00,557.23,536.26,552.17,12612.97
2016-07-31 00:00:00,584.67,558.75,568.96,9469.09
2016-07-30 00:00:00,588.17,584.62,586.86,4355.13
2016-07-29 00:00:00,590.91,587.76,589.78,6063.08
2016-07-28 00:00:00,593.85,590.59,591.99,5824.82
2016-07-27 00:00:00,596.91,589.52,592.87,7657.06
2016-07-26 00:00:00,595.93,586.44,592.23,9754.43
2016-07-25 00:00:00,602.95,593.23,597.82,7164.29
2016-07-24 00:00:00,603.76,598.47,600.60,5226.11
2016-07-23 00:00:00,600.42,594.37,598.38,4597.61
2016-07-22 00:00:00,604.39,592.80,600.35,8332.43
2016-07-21 00:00:00,605.43,600.51,603.48,6614.84
2016-07-20 00:00:00,611.66,603.99,608.65,7681.78
2016-07-19 00:00:00,611.93,608.55,610.36,5768.54
2016-07-18 00:00:00,618.07,605.12,614.10,6475.41
2016-07-17 00:00:00,620.26,602.66,609.29,7327.35
2016-07-16 00:00:00,607.25,600.14,603.76,2559.7
2016-07-15 00:00:00,607.85,595.82,601.46,6007.98
2016-07-14 00:00:00,600.58,587.24,595.66,8812.0
2016-07-13 00:00:00,607.00,592.94,601.33,7915.72
2016-07-12 00:00:00,610.60,586.45,596.37,10867.32
2016-07-11 00:00:00,596.48,585.35,590.08,6619.73
2016-07-10 00:00:00,592.44,583.88,588.78,3923.76
2016-07-09 00:00:00,608.22,568.26,594.23,10877.51
2016-07-08 00:00:00,608.23,577.86,590.84,9354.71
2016-07-07 00:00:00,617.40,557.01,585.88,18695.5
2016-07-06 00:00:00,619.88,608.19,613.55,8107.15
2016-07-05 00:00:00,615.38,601.16,609.35,9280.2
2016-07-04 00:00:00,616.36,586.08,605.60,9826.22
2016-07-03 00:00:00,633.22,585.49,609.55,10622.04
2016-07-02 00:00:00,632.24,608.16,618.89,8850.02
2016-07-01 00:00:00,618.80,604.88,610.92,12760.09
2016-06-30 00:00:00,616.65,576.59,597.05,16528.84
2016-06-29 00:00:00,586.93,563.00,575.68,13262.4
2016-06-28 00:00:00,601.37,580.45,591.43,9582.41
2016-06-27 00:00:00,600.98,569.38,587.61,11652.04
2016-06-26 00:00:00,608.81,560.62,587.89,10351.21
2016-06-25 00:00:00,626.75,587.40,612.79,11836.37
2016-06-24 00:00:00,633.92,553.63,600.72,33916.75
2016-06-23 00:00:00,560.81,496.43,526.87,32964.66
2016-06-22 00:00:00,605.99,520.14,582.08,27463.84
2016-06-21 00:00:00,650.44,569.33,606.41,37049.27
2016-06-20 00:00:00,679.68,639.72,666.67,17480.57
2016-06-19 00:00:00,683.09,661.88,674.43,7873.56
2016-06-18 00:00:00,694.07,655.33,672.11,15683.56
2016-06-17 00:00:00,691.79,632.65,670.65,26790.0
2016-06-16 00:00:00,692.19,619.87,661.66,27372.44
2016-06-15 00:00:00,620.68,601.45,612.87,11799.21
2016-06-14 00:00:00,625.00,591.98,614.04,18481.3
2016-06-13 00:00:00,635.81,586.56,611.74,28096.79
2016-06-12 00:00:00,604.29,536.36,567.82,28619.79
2016-06-11 00:00:00,541.09,516.74,520.46,9318.14
2016-06-10 00:00:00,517.18,510.41,513.51,7975.52
2016-06-09 00:00:00,513.54,507.85,510.95,8248.82
2016-06-08 00:00:00,513.69,505.03,509.94,9665.85
2016-06-07 00:00:00,520.35,496.24,513.55,16515.8
2016-06-06 00:00:00,516.98,506.00,513.61,11656.29
2016-06-05 00:00:00,514.26,501.63,507.95,8742.71
2016-06-04 00:00:00,519.80,495.99,505.27,14557.57
2016-06-03 00:00:00,506.75,481.95,495.54,19046.79
2016-06-02 00:00:00,484.69,477.33,480.64,11055.22
2016-06-01 00:00:00,485.19,472.26,478.75,12612.67
2016-05-31 00:00:00,487.64,468.35,479.92,17351.81
2016-05-30 00:00:00,485.81,462.93,476.80,12503.18
2016-05-29 00:00:00,490.74,454.12,467.42,17142.88
2016-05-28 00:00:00,476.10,423.10,443.23,19927.89
2016-05-27 00:00:00,426.39,404.39,420.98,20398.55
2016-05-26 00:00:00,405.44,401.27,403.57,9721.24
2016-05-25 00:00:00,404.10,399.74,402.20,7922.11
2016-05-24 00:00:00,400.99,394.98,398.06,10528.09
2016-05-23 00:00:00,396.25,389.64,393.88,10973.78
2016-05-22 00:00:00,396.71,391.31,394.10,6862.24
2016-05-21 00:00:00,397.97,395.14,396.52,4506.24
2016-05-20 00:00:00,398.62,389.91,395.69,10115.51
2016-05-19 00:00:00,405.40,390.09,401.18,13425.89
2016-05-18 00:00:00,405.86,401.88,404.14,10245.62
2016-05-17 00:00:00,403.87,401.15,402.53,7439.66
2016-05-16 00:00:00,405.64,400.66,403.89,9170.39
2016-05-15 00:00:00,406.44,402.45,404.15,3737.2
2016-05-14 00:00:00,405.36,402.63,403.84,5391.28
2016-05-13 00:00:00,405.03,399.74,402.35,9393.34
2016-05-12 00:00:00,401.07,393.83,396.93,11107.74
2016-05-11 00:00:00,400.31,395.64,398.62,13231.39
2016-05-10 00:00:00,406.14,395.68,401.66,13111.94
2016-05-09 00:00:00,406.82,400.70,403.03,9287.62
2016-05-08 00:00:00,404.64,400.60,402.75,6906.1
2016-05-07 00:00:00,404.98,401.35,402.87,5686.99
2016-05-06 00:00:00,404.02,392.93,396.43,13463.48
2016-05-05 00:00:00,393.62,388.86,391.28,9290.86
2016-05-04 00:00:00,392.74,387.41,390.33,10132.31
2016-05-03 00:00:00,393.30,384.60,388.82,10304.93
2016-05-02 00:00:00,396.41,384.44,389.88,14347.96
2016-05-01 00:00:00,396.92,391.71,394.65,4849.48
2016-04-30 00:00:00,399.69,391.34,396.72,8480.89
2016-04-29 00:00:00,399.37,393.89,396.32,8773.11
2016-04-28 00:00:00,397.75,387.35,394.15,13004.64
2016-04-27 00:00:00,413.19,392.77,406.73,14582.4
2016-04-26 00:00:00,413.97,409.26,411.96,14282.3
2016-04-25 00:00:00,414.13,403.87,408.39,15057.13
2016-04-24 00:00:00,408.98,399.16,403.49,12018.54
2016-04-23 00:00:00,401.67,395.86,398.11,7752.07
2016-04-22 00:00:00,398.22,393.26,396.05,10962.91
2016-04-21 00:00:00,398.94,388.20,392.32,14576.56
2016-04-20 00:00:00,391.03,381.83,385.65,14996.09
2016-04-19 00:00:00,383.45,377.07,378.63,10319.53
2016-04-18 00:00:00,380.63,377.48,379.11,8763.99
2016-04-17 00:00:00,382.20,377.29,379.81,6970.63
2016-04-16 00:00:00,384.02,380.23,381.60,8287.78
2016-04-15 00:00:00,381.19,376.69,379.12,11248.57
2016-04-14 00:00:00,377.29,375.07,376.24,10628.66
2016-04-13 00:00:00,376.34,372.44,374.92,14880.47
2016-04-12 00:00:00,375.17,371.00,373.41,12106.78
2016-04-11 00:00:00,371.30,369.05,370.26,12184.34
2016-04-10 00:00:00,371.16,367.68,369.58,8191.23
2016-04-09 00:00:00,369.89,365.49,368.07,7372.53
2016-04-08 00:00:00,374.44,368.90,372.39,11548.25
2016-04-07 00:00:00,373.05,369.79,371.77,13854.39
2016-04-06 00:00:00,374.15,371.64,373.01,13533.82
2016-04-05 00:00:00,373.53,369.94,372.28,12832.76
2016-04-04 00:00:00,371.54,369.24,370.28,13389.21
2016-04-03 00:00:00,370.98,368.57,369.84,6734.94
2016-04-02 00:00:00,372.79,369.15,371.10,7701.14
2016-04-01 00:00:00,370.31,366.96,368.44,9741.84
2016-03-31 00:00:00,369.96,365.75,368.24,17023.13
2016-03-30 00:00:00,370.58,364.12,367.47,14358.86
2016-03-29 00:00:00,381.09,368.03,374.89,13419.52
2016-03-28 00:00:00,382.49,378.35,380.45,11974.22
2016-03-27 00:00:00,384.28,373.80,377.45,8414.62
2016-03-26 00:00:00,375.36,373.48,374.41,7469.14
2016-03-25 00:00:00,374.92,371.91,373.86,10124.22
2016-03-24 00:00:00,375.60,371.94,373.92,12195.46
2016-03-23 00:00:00,375.38,371.78,373.52,9913.85
2016-03-22 00:00:00,373.12,367.46,371.59,11206.9
2016-03-21 00:00:00,368.89,363.43,365.91,11419.45
2016-03-20 00:00:00,368.28,364.69,366.49,8488.76
2016-03-19 00:00:00,366.18,362.01,364.14,8195.38
2016-03-18 00:00:00,372.89,360.39,368.35,16970.0
2016-03-17 00:00:00,375.25,371.36,373.00,13388.24
2016-03-16 00:00:00,376.24,372.43,374.61,14719.21
2016-03-15 00:00:00,376.72,373.49,375.27,13391.16
2016-03-14 00:00:00,374.75,368.84,372.35,13184.66
2016-03-13 00:00:00,373.04,367.48,369.78,9150.65
2016-03-12 00:00:00,377.77,365.38,370.79,12180.61
2016-03-11 00:00:00,382.54,372.73,376.94,13574.56
2016-03-10 00:00:00,379.93,372.84,375.70,20862.39
2016-03-09 00:00:00,377.12,373.15,375.32,12357.62
2016-03-08 00:00:00,376.77,371.59,374.14,14974.74
2016-03-07 00:00:00,376.30,365.67,371.97,17804.4
2016-03-06 00:00:00,372.07,356.80,365.70,14525.95
2016-03-05 00:00:00,372.41,355.58,366.65,20730.36
2016-03-04 00:00:00,388.70,371.56,383.59,16935.68
2016-03-03 00:00:00,394.11,382.39,387.65,18574.04
2016-03-02 00:00:00,400.04,389.13,396.96,11008.06
2016-03-01 00:00:00,400.41,395.40,398.35,13599.65
2016-02-29 00:00:00,401.37,391.86,397.78,12251.03
2016-02-28 00:00:00,396.64,386.76,391.44,9139.15
2016-02-27 00:00:00,397.10,392.14,394.62,8759.56
2016-02-26 00:00:00,394.41,379.96,385.85,12328.3
2016-02-25 00:00:00,387.74,380.19,384.38,12542.09
2016-02-24 00:00:00,386.16,375.53,382.81,12454.72
2016-02-23 00:00:00,396.80,378.52,387.12,15274.89
2016-02-22 00:00:00,396.29,382.93,391.48,16837.72
2016-02-21 00:00:00,400.15,383.04,392.15,19607.69
2016-02-20 00:00:00,396.69,377.32,386.05,15911.44
2016-02-19 00:00:00,380.05,373.78,377.67,10926.9
2016-02-18 00:00:00,382.80,372.49,377.81,13606.0
2016-02-17 00:00:00,377.41,364.08,370.98,17382.62
2016-02-16 00:00:00,366.92,356.73,361.61,14102.78
2016-02-15 00:00:00,362.55,354.40,358.82,14566.74
2016-02-14 00:00:00,360.47,347.86,353.45,11165.27
2016-02-13 00:00:00,347.14,340.85,345.19,9387.3
2016-02-12 00:00:00,341.26,333.93,337.89,16284.57
2016-02-11 00:00:00,338.38,330.36,334.92,16366.98
2016-02-10 00:00:00,343.37,332.05,336.90,14370.54
2016-02-09 00:00:00,336.30,331.63,333.27,12128.6
2016-02-08 00:00:00,340.45,333.04,337.66,12218.94
2016-02-07 00:00:00,341.11,334.76,337.75,8370.74
2016-02-06 00:00:00,345.74,333.36,337.79,10564.25
2016-02-05 00:00:00,349.58,344.46,347.07,10689.61
2016-02-04 00:00:00,350.04,334.71,340.62,13990.89
2016-02-03 00:00:00,343.70,333.98,340.00,12029.91
2016-02-02 00:00:00,345.11,341.52,343.66,12546.66
2016-02-01 00:00:00,349.72,341.25,344.97,14188.5
2016-01-31 00:00:00,351.98,341.05,350.25,9853.22
2016-01-30 00:00:00,352.57,348.24,350.46,6285.66
2016-01-29 00:00:00,353.85,336.43,348.03,16239.28
2016-01-28 00:00:00,364.25,348.46,353.95,13058.82
2016-01-27 00:00:00,366.82,361.80,364.36,10803.3
2016-01-26 00:00:00,368.64,360.42,364.29,7595.69
2016-01-25 00:00:00,373.15,359.77,367.03,14682.26
2016-01-24 00:00:00,376.82,359.03,368.07,14475.69
2016-01-23 00:00:00,366.71,354.75,361.34,13893.61
2016-01-22 00:00:00,379.09,349.27,365.17,17976.55
2016-01-21 00:00:00,388.51,374.39,381.60,14597.85
2016-01-20 00:00:00,389.88,346.22,360.60,24145.82
2016-01-19 00:00:00,358.12,347.74,354.36,7111.87
2016-01-18 00:00:00,357.64,346.26,353.40,7639.3
2016-01-17 00:00:00,361.08,350.58,355.11,12251.87
2016-01-16 00:00:00,359.94,327.11,342.43,27000.93
2016-01-15 00:00:00,399.02,336.89,371.29,32623.12
2016-01-14 00:00:00,401.77,395.63,399.37,6861.71
2016-01-13 00:00:00,406.04,394.66,400.18,11284.68
2016-01-12 00:00:00,415.34,405.55,413.65,8529.06
2016-01-11 00:00:00,415.51,409.01,412.29,7778.39
2016-01-10 00:00:00,412.45,405.03,408.63,9218.83
2016-01-09 00:00:00,417.50,410.96,413.86,6823.47
2016-01-08 00:00:00,425.57,411.83,418.59,13179.44
2016-01-07 00:00:00,421.05,399.64,414.26,19879.94
2016-01-06 00:00:00,403.41,398.35,401.63,9210.17
2016-01-05 00:00:00,404.32,399.74,401.93,10812.77
2016-01-04 00:00:00,402.65,394.95,398.44,9442.73
2016-01-03 00:00:00,400.46,391.38,396.45,9912.54
2016-01-02 00:00:00,402.51,397.94,399.85,8017.34
2016-01-01 00:00:00,405.18,395.68,400.36,8510.07
2015-12-31 00:00:00,399.69,386.36,392.98,10342.7
2015-12-30 00:00:00,398.88,388.41,394.41,11039.82
2015-12-29 00:00:00,397.02,384.80,390.14,12084.09
2015-12-28 00:00:00,393.75,382.86,389.16,11788.83
2015-12-27 00:00:00,389.44,376.24,384.01,11367.6
2015-12-26 00:00:00,417.40,373.82,394.20,23824.7
2015-12-25 00:00:00,418.59,411.80,415.38,8737.79
2015-12-24 00:00:00,417.61,405.60,414.51,10677.27
2015-12-23 00:00:00,407.39,397.86,402.88,10506.7
2015-12-22 00:00:00,405.36,396.78,400.79,13067.23
2015-12-21 00:00:00,409.18,393.03,401.07,17948.78
2015-12-20 00:00:00,425.22,398.89,416.67,16814.17
2015-12-19 00:00:00,427.53,418.01,425.09,12314.63
2015-12-18 00:00:00,426.88,417.74,422.43,12185.07
2015-12-17 00:00:00,420.62,411.68,417.65,7276.17
2015-12-16 00:00:00,422.79,402.88,416.36,15641.43
2015-12-15 00:00:00,422.35,404.00,412.64,15238.63
2015-12-14 00:00:00,406.50,390.19,400.93,15335.21
2015-12-13 00:00:00,402.02,384.45,395.25,8080.91
2015-12-12 00:00:00,418.61,373.76,392.09,20257.24
2015-12-11 00:00:00,408.82,379.78,392.39,19716.9
2015-12-10 00:00:00,386.66,373.74,378.68,11873.27
2015-12-09 00:00:00,387.38,369.22,379.78,19411.53
2015-12-08 00:00:00,379.64,359.84,363.59,12693.13
2015-12-07 00:00:00,368.69,352.88,362.01,15568.13
2015-12-06 00:00:00,368.51,355.21,361.15,17334.57
2015-12-05 00:00:00,357.73,336.69,344.86,12230.33
2015-12-04 00:00:00,340.86,328.20,332.93,7098.03
2015-12-03 00:00:00,351.36,331.00,339.51,17072.6
2015-12-02 00:00:00,344.60,329.55,336.71,15565.41
2015-12-01 00:00:00,358.62,335.90,347.60,16997.55
2015-11-30 00:00:00,361.77,349.31,356.40,18554.73
2015-11-29 00:00:00,352.99,336.62,341.47,10302.49
2015-11-28 00:00:00,340.93,332.53,337.06,9889.13
2015-11-27 00:00:00,344.60,329.10,337.05,13200.02
2015-11-26 00:00:00,344.67,310.08,323.98,27449.82
2015-11-25 00:00:00,355.62,297.49,305.35,12172.35
2015-11-24 00:00:00,306.07,299.42,303.57,9247.01
2015-11-23 00:00:00,310.04,303.29,305.50,10069.36
2015-11-22 00:00:00,314.42,302.77,305.59,6209.72
2015-11-21 00:00:00,310.84,301.36,306.77,9404.01
2015-11-20 00:00:00,305.73,294.43,300.91,14344.95
2015-11-19 00:00:00,315.67,303.58,310.41,12290.02
2015-11-18 00:00:00,317.23,311.48,314.35,10277.77
2015-11-17 00:00:00,319.07,310.09,314.97,14717.2
2015-11-16 00:00:00,312.47,295.79,301.78,14947.01
2015-11-15 00:00:00,311.79,295.17,306.00,11838.66
2015-11-14 00:00:00,315.62,306.66,310.80,10404.76
2015-11-13 00:00:00,317.25,304.65,311.34,14769.35
2015-11-12 00:00:00,322.68,292.07,306.04,21738.45
2015-11-11 00:00:00,318.71,282.37,296.16,32558.09
2015-11-10 00:00:00,359.54,307.58,341.73,23200.64
2015-11-09 00:00:00,359.96,336.62,348.73,14455.44
2015-11-08 00:00:00,363.72,343.29,355.54,8170.07
2015-11-07 00:00:00,363.45,343.61,355.53,9909.04
2015-11-06 00:00:00,365.74,325.83,343.66,31768.99
2015-11-05 00:00:00,405.59,338.34,366.52,49732.87
2015-11-04 00:00:00,452.11,356.86,408.39,18032.25
2015-11-03 00:00:00,381.75,319.49,346.65,38406.4
2015-11-02 00:00:00,327.82,291.32,304.00,18634.12
2015-11-01 00:00:00,297.40,276.68,286.57,8593.24
2015-10-31 00:00:00,300.54,277.68,291.49,11811.88
2015-10-30 00:00:00,301.04,284.65,293.66,22001.18
2015-10-29 00:00:00,290.36,274.43,281.88,15350.99
2015-10-28 00:00:00,276.94,266.30,271.87,16033.36
2015-10-27 00:00:00,268.19,258.75,263.63,12808.64
2015-10-26 00:00:00,259.26,253.88,257.43,7366.09
2015-10-25 00:00:00,266.60,255.65,261.47,11895.89
2015-10-24 00:00:00,256.87,250.34,253.64,5740.79
2015-10-23 00:00:00,251.18,245.74,248.56,9472.25
2015-10-22 00:00:00,247.17,235.92,242.11,13345.94
2015-10-21 00:00:00,238.67,233.76,236.50,8426.7
2015-10-20 00:00:00,239.08,232.71,235.48,10707.59
2015-10-19 00:00:00,235.05,229.58,232.77,10323.74
2015-10-18 00:00:00,238.63,229.48,234.15,7108.14
2015-10-17 00:00:00,239.98,230.66,236.00,12797.95
2015-10-16 00:00:00,233.92,223.66,228.31,11767.92
2015-10-15 00:00:00,225.15,221.29,223.24,7676.15
2015-10-14 00:00:00,223.11,218.94,220.74,7918.8
2015-10-13 00:00:00,220.47,216.20,218.56,8954.5
2015-10-12 00:00:00,218.62,216.69,217.81,5265.07
2015-10-11 00:00:00,219.61,216.28,217.87,3224.34
2015-10-10 00:00:00,217.52,215.20,216.59,3825.79
2015-10-09 00:00:00,217.04,215.13,216.12,4566.62
2015-10-08 00:00:00,218.93,215.96,217.37,6239.57
2015-10-07 00:00:00,219.49,216.84,218.42,5904.57
2015-10-06 00:00:00,219.24,214.82,216.73,7873.57
2015-10-05 00:00:00,215.35,211.49,213.68,6926.57
2015-10-04 00:00:00,215.59,213.05,214.23,2947.36
2015-10-03 00:00:00,214.67,211.74,213.34,3782.55
2015-10-02 00:00:00,215.92,211.38,213.27,6863.32
2015-10-01 00:00:00,214.18,211.26,212.61,6752.06
2015-09-30 00:00:00,213.33,210.32,212.16,6422.34
2015-09-29 00:00:00,213.71,211.37,212.41,8856.75
2015-09-28 00:00:00,213.56,208.47,212.13,9255.83
2015-09-27 00:00:00,211.10,207.10,209.49,3670.85
2015-09-26 00:00:00,211.34,208.88,210.53,2984.16
2015-09-25 00:00:00,213.33,209.32,211.23,6374.77
2015-09-24 00:00:00,210.76,206.36,208.20,7663.05
2015-09-23 00:00:00,208.95,206.18,207.49,5945.23
2015-09-22 00:00:00,207.92,201.63,205.60,10202.72
2015-09-21 00:00:00,205.53,200.94,203.31,7175.88
2015-09-20 00:00:00,208.68,204.79,205.72,6179.32
2015-09-19 00:00:00,207.25,204.46,205.76,5452.67
2015-09-18 00:00:00,207.38,204.27,206.09,7180.81
2015-09-17 00:00:00,208.59,203.23,205.09,8438.52
2015-09-16 00:00:00,208.56,202.07,204.06,8126.65
2015-09-15 00:00:00,207.75,204.23,205.66,7257.89
2015-09-14 00:00:00,205.81,202.30,203.34,7631.2
2015-09-13 00:00:00,209.82,203.37,207.46,5402.92
2015-09-12 00:00:00,214.34,208.69,212.46,5106.22
2015-09-11 00:00:00,215.53,212.67,214.06,6220.81
2015-09-10 00:00:00,216.35,212.15,214.24,6433.5
2015-09-09 00:00:00,219.55,214.54,217.10,6526.3
2015-09-08 00:00:00,220.77,215.65,218.41,8651.8
2015-09-07 00:00:00,218.03,215.81,216.69,5765.32
2015-09-06 00:00:00,219.54,211.08,215.55,5969.67
2015-09-05 00:00:00,213.07,207.14,209.23,12096.15
2015-09-04 00:00:00,208.71,206.32,207.53,6223.09
2015-09-03 00:00:00,206.87,206.87,206.87,12015.78
2015-09-02 00:00:00,204.00,204.00,204.00,6355.33
2015-09-01 00:00:00,204.71,204.71,204.71,7483.53
2015-08-31 00:00:00,205.12,205.12,205.12,10506.57
2015-08-30 00:00:00,206.02,206.02,206.02,8775.94
2015-08-29 00:00:00,207.99,207.99,207.99,6039.43
2015-08-28 00:00:00,203.72,203.72,203.72,11482.55
2015-08-27 00:00:00,202.17,202.17,202.17,9553.1
2015-08-26 00:00:00,200.04,200.04,200.04,14139.65
2015-08-25 00:00:00,189.21,189.21,189.21,25456.8
2015-08-24 00:00:00,197.26,197.26,197.26,18997.04
2015-08-23 00:00:00,204.53,204.53,204.53,5370.29
2015-08-22 00:00:00,205.43,205.43,205.43,6971.86
2015-08-21 00:00:00,210.03,210.03,210.03,6883.09
2015-08-20 00:00:00,211.36,211.36,211.36,11069.11
2015-08-19 00:00:00,216.28,216.28,216.28,17678.02
2015-08-18 00:00:00,233.96,233.96,233.96,9588.43
2015-08-17 00:00:00,236.72,236.72,236.72,6827.31
2015-08-16 00:00:00,237.20,237.20,237.20,9326.04
2015-08-15 00:00:00,242.39,242.39,242.39,3996.85
2015-08-14 00:00:00,239.82,239.82,239.82,5676.07
2015-08-13 00:00:00,240.29,240.29,240.29,10391.14
2015-08-12 00:00:00,244.03,244.03,244.03,8311.6
2015-08-11 00:00:00,243.56,243.56,243.56,7815.11
2015-08-10 00:00:00,243.90,243.90,243.90,6874.06
2015-08-09 00:00:00,243.75,243.75,243.75,7489.79
2015-08-08 00:00:00,252.92,252.92,252.92,9120.3
2015-08-07 00:00:00,258.24,258.24,258.24,8694.75
2015-08-06 00:00:00,258.93,258.93,258.93,5318.19
2015-08-05 00:00:00,262.45,262.45,262.45,7142.39
2015-08-04 00:00:00,262.59,262.59,262.59,6150.24
2015-08-03 00:00:00,262.01,262.01,262.01,4413.79
2015-08-02 00:00:00,260.59,260.59,260.59,3445.43
2015-08-01 00:00:00,260.09,260.09,260.09,4188.14
2015-07-31 00:00:00,262.49,262.49,262.49,7302.17
2015-07-30 00:00:00,265.09,265.09,265.09,6436.59
2015-07-29 00:00:00,265.03,265.03,265.03,6744.12
2015-07-28 00:00:00,266.92,266.92,266.92,6444.55
2015-07-27 00:00:00,261.62,261.62,261.62,6734.5
2015-07-26 00:00:00,265.41,265.41,265.41,4103.85
2015-07-25 00:00:00,263.88,263.88,263.88,3875.71
2015-07-24 00:00:00,257.72,257.72,257.72,8201.25
2015-07-23 00:00:00,255.62,255.62,255.62,5140.49
2015-07-22 00:00:00,255.21,255.21,255.21,5868.84
2015-07-21 00:00:00,258.25,258.25,258.25,5709.84
2015-07-20 00:00:00,258.23,252.73,256.03,4971.75
2015-07-19 00:00:00,256.84,253.59,255.31,2777.22
2015-07-18 00:00:00,264.53,256.36,258.67,4195.14
2015-07-17 00:00:00,258.55,250.90,255.34,6383.53
2015-07-16 00:00:00,268.08,253.52,260.32,8405.51
2015-07-15 00:00:00,269.58,263.77,266.29,6733.52
2015-07-14 00:00:00,269.24,261.81,265.88,7096.82
2015-07-13 00:00:00,281.43,254.31,267.52,12935.83
2015-07-12 00:00:00,283.97,264.36,275.58,9545.97
2015-07-11 00:00:00,271.04,256.54,263.48,6999.18
2015-07-10 00:00:00,265.13,244.82,254.43,17560.26
2015-07-09 00:00:00,248.82,243.57,246.39,6628.36
2015-07-08 00:00:00,248.80,242.25,245.16,6274.03
2015-07-07 00:00:00,249.87,243.32,246.94,5617.61
2015-07-06 00:00:00,252.79,244.67,248.16,11427.08
2015-07-05 00:00:00,247.44,234.34,239.05,8813.1
2015-07-04 00:00:00,236.25,230.45,232.84,2867.2
2015-07-03 00:00:00,232.34,227.98,230.52,5702.92
2015-07-02 00:00:00,236.87,230.59,233.34,5470.54
2015-07-01 00:00:00,238.10,230.81,234.76,7056.23
2015-06-30 00:00:00,240.34,229.08,235.41,10943.95
2015-06-29 00:00:00,230.13,225.11,227.51,6939.17
2015-06-28 00:00:00,226.51,222.60,224.18,4337.37
2015-06-27 00:00:00,225.01,217.32,221.04,4873.73
2015-06-26 00:00:00,218.55,216.12,217.09,3208.23
2015-06-25 00:00:00,217.70,215.29,216.31,4421.66
2015-06-24 00:00:00,218.53,215.34,217.08,4283.83
2015-06-23 00:00:00,218.83,216.36,217.69,5006.38
2015-06-22 00:00:00,218.30,212.54,215.42,5893.69
2015-06-21 00:00:00,216.96,213.06,215.02,2578.93
2015-06-20 00:00:00,216.62,213.33,215.16,3306.6
2015-06-19 00:00:00,220.38,215.36,217.91,5694.29
2015-06-18 00:00:00,220.56,215.83,218.37,6290.28
2015-06-17 00:00:00,224.45,214.90,219.99,8297.35
2015-06-16 00:00:00,220.33,209.00,213.19,9825.13
2015-06-15 00:00:00,210.10,205.28,207.95,5244.86
2015-06-14 00:00:00,207.24,204.06,205.63,2014.24
2015-06-13 00:00:00,206.38,203.31,205.34,2069.77
2015-06-12 00:00:00,205.14,202.95,204.20,3306.28
2015-06-11 00:00:00,206.18,201.88,203.78,5759.8
2015-06-10 00:00:00,203.85,201.89,203.03,3934.77
2015-06-09 00:00:00,205.19,188.79,203.31,5148.82
2015-06-08 00:00:00,203.81,167.77,202.43,5864.6
2015-06-07 00:00:00,205.39,202.02,203.66,1469.57
2015-06-06 00:00:00,204.16,201.37,202.67,1464.88
2015-06-05 00:00:00,204.32,199.18,201.65,4952.54
2015-06-04 00:00:00,203.22,199.46,201.58,4402.99
2015-06-03 00:00:00,205.99,201.70,204.57,5641.95
2015-06-02 00:00:00,206.67,204.05,205.17,5030.54
2015-06-01 00:00:00,212.26,203.70,208.81,5982.89
2015-05-31 00:00:00,214.32,209.81,212.88,2575.3
2015-05-30 00:00:00,217.06,213.11,214.88,2124.5
2015-05-29 00:00:00,217.24,214.43,215.98,4371.55
2015-05-28 00:00:00,216.75,213.87,215.58,4030.14
2015-05-27 00:00:00,218.07,213.73,215.77,3702.89
2015-05-26 00:00:00,216.85,213.42,215.28,3974.49
2015-05-25 00:00:00,216.34,190.40,214.33,2515.93
2015-05-24 00:00:00,215.59,211.49,214.12,1512.0
2015-05-23 00:00:00,217.28,211.93,214.86,2390.96
2015-05-22 00:00:00,215.12,209.83,212.58,4205.8
2015-05-21 00:00:00,211.86,206.38,210.22,3817.96
2015-05-20 00:00:00,210.21,206.38,208.61,3712.26
2015-05-19 00:00:00,208.37,205.18,206.83,3978.43
2015-05-18 00:00:00,209.16,204.96,207.67,4488.97
2015-05-17 00:00:00,209.93,205.77,208.12,2163.08
2015-05-16 00:00:00,209.83,207.33,208.94,2159.32
2015-05-15 00:00:00,208.53,208.53,208.53,3218.58
2015-05-13 00:00:00,217.13,210.03,214.78,4048.18
2015-05-12 00:00:00,216.76,215.14,215.89,3381.42
2015-05-11 00:00:00,217.85,213.39,215.30,4222.36
2015-05-10 00:00:00,218.97,212.88,215.24,1683.77
2015-05-09 00:00:00,218.10,212.54,215.09,1729.92
2015-05-08 00:00:00,217.47,210.05,213.20,4678.77
2015-05-07 00:00:00,212.58,203.15,207.04,5668.13
2015-05-06 00:00:00,211.54,204.53,209.44,5072.84
2015-05-05 00:00:00,214.66,209.58,211.48,5053.29
2015-05-04 00:00:00,216.67,211.77,214.22,3756.56
2015-05-03 00:00:00,217.38,210.19,214.69,2709.0
2015-05-02 00:00:00,211.69,208.01,210.28,1435.36
2015-05-01 00:00:00,212.77,207.91,210.49,2121.18
2015-04-30 00:00:00,214.06,205.12,209.17,5472.5
2015-04-29 00:00:00,209.41,204.88,206.60,4260.26
2015-04-28 00:00:00,211.53,205.68,208.40,3569.29
2015-04-27 00:00:00,213.16,203.75,206.54,4983.12
2015-04-26 00:00:00,209.50,200.58,203.80,4220.36
2015-04-25 00:00:00,214.86,208.38,211.33,2019.34
2015-04-24 00:00:00,219.29,212.57,215.13,3373.67
2015-04-23 00:00:00,219.75,216.26,218.34,4137.9
2015-04-22 00:00:00,221.81,217.19,219.31,4359.7
2015-04-21 00:00:00,219.20,209.76,211.93,4850.19
2015-04-20 00:00:00,212.51,208.76,210.59,4141.34
2015-04-19 00:00:00,213.28,208.23,210.61,1468.7
2015-04-18 00:00:00,210.94,207.95,209.26,1705.61
2015-04-17 00:00:00,214.30,208.07,210.91,3050.82
2015-04-16 00:00:00,215.09,210.29,213.06,3337.09
2015-04-15 00:00:00,212.91,207.73,210.31,4669.92
2015-04-14 00:00:00,215.57,205.75,210.95,6189.24
2015-04-13 00:00:00,225.50,213.08,222.10,4925.56
2015-04-12 00:00:00,225.46,221.79,224.22,1706.21
2015-04-11 00:00:00,226.13,222.49,224.00,2069.88
2015-04-10 00:00:00,228.86,221.91,225.62,3955.55
2015-04-09 00:00:00,229.97,224.97,228.18,4257.96
2015-04-08 00:00:00,235.50,227.01,230.91,5494.44
2015-04-07 00:00:00,235.74,231.09,233.72,4061.79
2015-04-06 00:00:00,239.20,234.05,236.54,1916.36
2015-04-05 00:00:00,237.02,231.37,233.90,1408.33
2015-04-04 00:00:00,233.84,230.03,232.02,1474.33
2015-04-03 00:00:00,236.25,231.45,233.65,3420.15
2015-04-02 00:00:00,234.58,227.26,230.53,4112.71
2015-04-01 00:00:00,230.54,225.41,228.09,5000.38
2015-03-31 00:00:00,231.88,227.27,229.61,3819.86
2015-03-30 00:00:00,231.45,221.77,228.26,4349.12
2015-03-29 00:00:00,233.95,223.34,228.06,2545.28
2015-03-28 00:00:00,234.71,228.66,232.80,1991.77
2015-03-27 00:00:00,231.84,227.93,230.02,2934.04
2015-03-26 00:00:00,234.68,225.53,230.02,4871.63
2015-03-25 00:00:00,230.39,220.77,227.19,5609.29
2015-03-24 00:00:00,245.50,227.83,237.54,6022.79
2015-03-23 00:00:00,252.48,242.67,248.58,4653.13
2015-03-22 00:00:00,250.86,242.22,244.75,2431.84
2015-03-21 00:00:00,245.82,240.64,243.50,1938.95
2015-03-20 00:00:00,252.03,243.07,247.31,3739.44
2015-03-19 00:00:00,252.35,237.60,245.48,7387.42
2015-03-18 00:00:00,271.96,238.46,261.19,10014.86
2015-03-17 00:00:00,277.85,269.82,274.53,3447.42
2015-03-16 00:00:00,280.69,273.72,277.74,3699.74
2015-03-15 00:00:00,275.16,270.01,272.57,1795.42
2015-03-14 00:00:00,275.01,269.56,272.42,2408.69
2015-03-13 00:00:00,280.84,273.07,277.52,4929.57
2015-03-12 00:00:00,282.64,276.38,279.32,5368.81
2015-03-11 00:00:00,281.51,277.18,275.83,5997.28
2015-03-10 00:00:00,278.19,265.45,272.06,9111.0
2015-03-09 00:00:00,267.55,251.89,258.54,7351.29
2015-03-08 00:00:00,256.66,251.39,253.52,1920.69
2015-03-07 00:00:00,254.09,248.95,251.03,2162.81
2015-03-06 00:00:00,253.11,245.13,248.72,4289.23
2015-03-05 00:00:00,252.90,240.36,244.85,7232.85
2015-03-04 00:00:00,255.49,242.68,250.30,8692.22
2015-03-03 00:00:00,251.82,238.86,244.68,8468.58
2015-03-02 00:00:00,245.57,224.38,232.32,9373.42
2015-03-01 00:00:00,227.82,219.48,222.92,3380.4
2015-02-28 00:00:00,224.86,220.82,223.28,2792.09
2015-02-27 00:00:00,224.71,210.02,219.71,7664.43
2015-02-26 00:00:00,211.58,207.11,209.61,3860.29
2015-02-25 00:00:00,211.54,208.40,210.22,3745.2
2015-02-24 00:00:00,213.70,210.15,211.46,4279.5
2015-02-23 00:00:00,213.03,207.25,209.75,3759.27
2015-02-22 00:00:00,218.57,207.67,213.47,3099.44
2015-02-21 00:00:00,216.25,214.14,215.28,1749.36
2015-02-20 00:00:00,218.03,211.14,214.50,5062.01
2015-02-19 00:00:00,213.19,207.66,209.82,4021.55
2015-02-18 00:00:00,215.33,206.19,211.81,5125.93
2015-02-17 00:00:00,215.65,206.60,210.82,5665.05
2015-02-16 00:00:00,211.31,201.41,206.65,5252.63
2015-02-15 00:00:00,228.68,201.15,217.15,6364.39
2015-02-14 00:00:00,223.16,203.99,212.04,6294.92
2015-02-13 00:00:00,208.92,195.64,203.41,7629.44
2015-02-12 00:00:00,197.15,194.68,195.79,3629.9
2015-02-11 00:00:00,198.68,195.08,197.12,4909.63
2015-02-10 00:00:00,197.15,191.74,194.63,4915.35
2015-02-09 00:00:00,199.91,193.50,196.74,5142.27
2015-02-08 00:00:00,204.59,197.56,201.00,2895.84
2015-02-07 00:00:00,204.63,197.55,200.88,3941.41
2015-02-06 00:00:00,199.48,191.80,195.60,5334.01
2015-02-05 00:00:00,226.95,192.21,198.39,5368.83
2015-02-04 00:00:00,204.53,201.54,201.21,6105.22
2015-02-03 00:00:00,216.52,200.82,208.79,9291.29
2015-02-02 00:00:00,212.15,200.43,203.99,7086.16
2015-02-01 00:00:00,207.87,190.63,196.54,6185.6
2015-01-31 00:00:00,210.23,195.48,205.14,3987.99
2015-01-30 00:00:00,215.61,203.77,208.23,4807.6
2015-01-29 00:00:00,215.14,199.83,208.94,8751.57
2015-01-28 00:00:00,237.28,208.03,227.43,8078.06
2015-01-27 00:00:00,245.22,224.95,233.51,8342.28
2015-01-26 00:00:00,271.73,229.91,249.78,16353.72
2015-01-25 00:00:00,230.26,220.06,223.84,5949.75
2015-01-24 00:00:00,222.70,205.75,212.87,5901.97
2015-01-23 00:00:00,209.29,199.66,204.54,6001.71
2015-01-22 00:00:00,206.70,194.77,202.14,8625.27
2015-01-21 00:00:00,196.20,184.56,187.22,7850.23
2015-01-20 00:00:00,188.41,181.48,185.09,6828.25
2015-01-19 00:00:00,189.22,182.50,185.38,5347.07
2015-01-18 00:00:00,190.19,172.37,180.91,6098.59
2015-01-17 00:00:00,185.72,174.55,178.16,4039.03
2015-01-16 00:00:00,192.46,176.63,184.64,8079.19
2015-01-15 00:00:00,197.51,154.03,178.99,16428.91
2015-01-14 00:00:00,194.92,151.46,172.75,20363.92
2015-01-13 00:00:00,229.26,192.15,207.75,14772.63
2015-01-12 00:00:00,233.08,226.52,230.26,4129.08
2015-01-11 00:00:00,239.47,225.73,233.65,3871.83
2015-01-10 00:00:00,247.79,229.88,239.16,3544.07
2015-01-09 00:00:00,248.75,241.11,244.16,4575.93
2015-01-08 00:00:00,250.69,242.44,246.72,4783.9
2015-01-07 00:00:00,252.95,240.79,245.61,6364.92
2015-01-06 00:00:00,243.23,230.35,234.36,6866.66
2015-01-05 00:00:00,235.63,224.64,230.39,7669.52
2015-01-04 00:00:00,243.75,222.03,232.80,7802.76
2015-01-03 00:00:00,265.46,241.27,256.60,4399.65
2015-01-02 00:00:00,265.59,261.80,263.64,2110.17
2015-01-01 00:00:00,265.87,262.23,264.12,1019.6
2014-12-31 00:00:00,265.47,258.59,260.70,1700.62
2014-12-30 00:00:00,262.69,257.97,260.52,2887.81
2014-12-29 00:00:00,264.90,259.57,262.05,2448.95
2014-12-28 00:00:00,266.13,258.99,262.69,1276.53
2014-12-27 00:00:00,271.68,260.38,264.94,1722.91
2014-12-26 00:00:00,273.30,263.30,267.71,1812.13
2014-12-25 00:00:00,267.33,262.62,264.86,1486.9
2014-12-24 00:00:00,275.73,265.91,272.30,2512.78
2014-12-23 00:00:00,275.77,270.67,273.27,3456.92
2014-12-22 00:00:00,272.84,264.27,269.27,3793.8
2014-12-21 00:00:00,271.23,264.49,267.29,1896.23
2014-12-20 00:00:00,271.64,260.30,266.79,3249.22
2014-12-19 00:00:00,262.29,254.91,258.30,3783.68
2014-12-18 00:00:00,264.10,252.86,258.58,4601.63
2014-12-17 00:00:00,270.04,259.79,264.50,5164.51
2014-12-16 00:00:00,283.41,267.57,275.21,5265.26
2014-12-15 00:00:00,288.65,282.41,285.45,2728.33
2014-12-14 00:00:00,289.35,281.11,284.34,2216.95
2014-12-13 00:00:00,287.18,281.41,284.09,2149.75
2014-12-12 00:00:00,289.00,283.26,286.26,2588.32
2014-12-11 00:00:00,291.20,279.05,287.00,4195.29
2014-12-10 00:00:00,287.60,283.17,285.62,2958.5
2014-12-09 00:00:00,298.27,283.48,289.40,5377.74
2014-12-08 00:00:00,305.65,297.17,301.26,3306.48
2014-12-07 00:00:00,307.84,303.54,304.84,1177.99
2014-12-06 00:00:00,306.40,302.92,304.39,1562.72
2014-12-05 00:00:00,305.69,298.28,302.04,2866.96
2014-12-04 00:00:00,305.87,300.23,303.60,3244.43
2014-12-03 00:00:00,307.55,302.71,305.35,2870.18
2014-12-02 00:00:00,307.27,300.58,304.59,3158.77
2014-12-01 00:00:00,305.73,301.02,303.63,2453.16
2014-11-30 00:00:00,305.97,301.05,303.24,1564.9
2014-11-29 00:00:00,309.65,300.71,304.05,2020.72
2014-11-28 00:00:00,305.78,292.10,298.21,4178.3
2014-11-27 00:00:00,301.21,296.77,298.95,2354.43
2014-11-26 00:00:00,302.97,295.48,299.30,3329.49
2014-11-25 00:00:00,313.49,301.90,307.07,3494.17
2014-11-24 00:00:00,309.40,295.43,301.61,4181.22
2014-11-23 00:00:00,299.04,286.24,290.65,2017.83
2014-11-22 00:00:00,294.08,284.97,289.64,2053.43
2014-11-21 00:00:00,290.31,280.82,286.34,3199.74
2014-11-20 00:00:00,314.21,287.95,299.13,3788.6
2014-11-19 00:00:00,317.30,307.71,312.56,2630.17
2014-11-18 00:00:00,321.04,306.55,313.89,3232.61
2014-11-17 00:00:00,333.98,311.62,321.72,4364.7
2014-11-16 00:00:00,317.06,302.39,310.25,1833.55
2014-11-15 00:00:00,324.03,298.31,310.62,2630.06
2014-11-14 00:00:00,330.81,308.30,318.08,3839.18
2014-11-13 00:00:00,351.98,311.32,335.61,8813.46
2014-11-12 00:00:00,332.98,295.37,311.66,7112.33
2014-11-11 00:00:00,295.87,290.64,293.87,2372.39
2014-11-10 00:00:00,299.78,284.00,291.30,3834.7
2014-11-09 00:00:00,288.57,274.35,280.97,2011.79
2014-11-08 00:00:00,277.42,273.57,275.77,1787.26
2014-11-07 00:00:00,282.76,275.01,278.12,2358.2
2014-11-06 00:00:00,281.81,270.97,274.59,3675.5
2014-11-05 00:00:00,275.19,262.75,269.79,3305.74
2014-11-04 00:00:00,264.29,258.03,261.89,4421.41
2014-11-03 00:00:00,266.48,260.10,263.39,3029.07
2014-11-02 00:00:00,265.41,256.82,260.47,1911.54
2014-11-01 00:00:00,272.79,257.18,264.93,2743.38
2014-10-31 00:00:00,276.49,270.60,273.83,2106.47
2014-10-30 00:00:00,277.02,266.98,270.11,3509.26
2014-10-29 00:00:00,283.97,267.17,276.19,3480.38
2014-10-28 00:00:00,283.56,279.61,281.75,2135.71
2014-10-27 00:00:00,283.77,277.89,281.97,2772.77
2014-10-26 00:00:00,285.97,274.67,281.28,1330.74
2014-10-25 00:00:00,286.62,273.70,280.14,2640.17
2014-10-24 00:00:00,288.98,281.44,285.69,2344.87
2014-10-23 00:00:00,304.07,283.21,293.74,5159.07
2014-10-22 00:00:00,306.89,301.68,304.44,2795.48
2014-10-21 00:00:00,309.07,299.72,304.35,2879.35
2014-10-20 00:00:00,306.92,299.33,302.60,3089.77
2014-10-19 00:00:00,311.09,304.51,307.09,1777.52
2014-10-18 00:00:00,309.53,297.50,303.43,2395.96
2014-10-17 00:00:00,302.93,295.03,299.66,2298.37
2014-10-16 00:00:00,313.65,292.65,305.18,4415.99
2014-10-15 00:00:00,319.66,306.55,312.10,3443.98
2014-10-14 00:00:00,324.14,306.54,315.80,4503.75
2014-10-13 00:00:00,309.31,294.15,300.50,4535.39
2014-10-12 00:00:00,301.52,284.94,289.80,2360.28
2014-10-11 00:00:00,305.80,284.49,291.41,2226.42
2014-10-10 00:00:00,299.17,282.79,289.33,3527.78
2014-10-09 00:00:00,306.30,280.27,291.29,7741.96
2014-10-08 00:00:00,282.54,263.52,271.31,4886.15
2014-10-07 00:00:00,272.14,259.51,265.61,4171.31
2014-10-06 00:00:00,277.51,242.77,260.84,8475.61
2014-10-05 00:00:00,273.42,232.76,255.70,11560.19
2014-10-04 00:00:00,292.58,262.27,279.35,4667.2
2014-10-03 00:00:00,300.25,284.00,294.80,3089.5
2014-10-02 00:00:00,305.67,296.09,300.95,3088.39
2014-10-01 00:00:00,311.55,300.73,306.09,3640.52
2014-09-30 00:00:00,311.16,294.58,301.08,3357.3
2014-09-29 00:00:00,304.35,294.24,299.37,3985.77
2014-09-28 00:00:00,318.65,295.64,311.03,3087.7
2014-09-27 00:00:00,321.96,315.19,319.03,947.21
2014-09-26 00:00:00,325.50,314.89,320.12,3053.89
2014-09-25 00:00:00,333.89,321.15,325.47,3087.47
2014-09-24 00:00:00,344.48,328.42,335.92,4092.86
2014-09-23 00:00:00,347.16,311.80,321.35,5856.34
2014-09-22 00:00:00,320.66,311.29,316.02,2611.19
2014-09-21 00:00:00,323.92,310.41,316.86,2027.1
2014-09-20 00:00:00,334.98,308.02,322.94,3399.84
2014-09-19 00:00:00,334.13,300.05,318.92,6227.91
2014-09-18 00:00:00,354.91,323.03,344.19,5616.16
2014-09-17 00:00:00,362.76,349.96,356.51,3277.88
2014-09-16 00:00:00,369.03,360.36,365.24,2506.05
2014-09-15 00:00:00,380.71,365.67,371.65,2500.18
2014-09-14 00:00:00,376.41,368.00,371.05,1381.99
2014-09-13 00:00:00,381.20,366.82,373.10,1092.41
2014-09-12 00:00:00,372.92,366.36,370.62,1464.85
2014-09-11 00:00:00,374.47,368.67,371.93,1985.39
2014-09-10 00:00:00,379.73,370.37,375.19,3217.78
2014-09-09 00:00:00,376.24,366.75,370.06,3660.9
2014-09-08 00:00:00,1190.51,365.70,378.94,6603.85
2014-09-07 00:00:00,374.82,369.96,373.02,1393.12
2014-09-06 00:00:00,376.49,371.96,373.81,1482.86
2014-09-05 00:00:00,381.18,372.22,376.56,1984.53
2014-09-04 00:00:00,380.68,363.58,370.69,3142.43
2014-09-03 00:00:00,370.46,363.63,366.68,1540.74
2014-09-02 00:00:00,369.97,363.82,367.01,1795.8
2014-09-01 00:00:00,373.58,365.53,369.68,2164.5
2014-08-31 00:00:00,386.64,365.33,376.10,1856.13
2014-08-30 00:00:00,389.09,383.40,386.21,882.66
2014-08-29 00:00:00,389.02,383.36,386.18,1492.63
2014-08-28 00:00:00,392.69,383.55,388.21,1610.19
2014-08-27 00:00:00,396.09,387.85,391.76,1739.25
2014-08-26 00:00:00,391.53,384.14,388.27,1607.71
2014-08-25 00:00:00,390.72,384.38,387.16,1231.92
2014-08-24 00:00:00,391.46,380.45,386.28,839.74
2014-08-23 00:00:00,393.69,378.73,387.45,1203.68
2014-08-22 00:00:00,397.74,385.31,392.84,2221.3
2014-08-21 00:00:00,404.74,391.61,397.50,2532.86
2014-08-20 00:00:00,397.08,391.30,375.02,3360.4
2014-08-19 00:00:00,375.99,349.39,364.26,3283.23
2014-08-18 00:00:00,384.90,345.55,366.27,4571.27
2014-08-17 00:00:00,399.41,376.61,388.28,1322.1
2014-08-16 00:00:00,399.74,373.32,382.73,1849.62
2014-08-15 00:00:00,394.67,378.57,387.66,2263.54
2014-08-14 00:00:00,412.76,383.00,397.00,3707.43
2014-08-13 00:00:00,432.60,403.62,420.18,3488.88
2014-08-12 00:00:00,433.96,428.82,431.24,1487.18
2014-08-11 00:00:00,443.01,432.33,439.93,1452.06
2014-08-10 00:00:00,443.40,439.45,441.54,719.73
2014-08-09 00:00:00,445.01,439.01,441.97,467.85
2014-08-08 00:00:00,447.22,439.38,443.00,1221.91
2014-08-07 00:00:00,442.11,435.83,438.44,1185.85
2014-08-06 00:00:00,439.63,435.45,437.38,1288.47
2014-08-05 00:00:00,441.65,435.03,437.98,1352.74
2014-08-04 00:00:00,444.26,437.56,440.11,1347.71
2014-08-03 00:00:00,443.14,434.74,438.82,802.19
2014-08-02 00:00:00,447.67,440.17,443.92,743.58
2014-08-01 00:00:00,449.18,439.01,444.83,1929.09
2014-07-31 00:00:00,439.45,423.35,431.17,1851.17
2014-07-30 00:00:00,440.65,423.75,434.94,1942.31
2014-07-29 00:00:00,443.54,437.49,440.83,1339.99
2014-07-28 00:00:00,523.96,432.60,446.39,2099.74
2014-07-27 00:00:00,448.84,443.68,446.11,506.16
2014-07-26 00:00:00,450.91,442.61,446.70,856.76
2014-07-25 00:00:00,452.68,445.36,449.92,1011.56
2014-07-24 00:00:00,461.98,445.22,454.58,2391.94
2014-07-23 00:00:00,465.91,459.79,461.22,527.89
2014-07-22 00:00:00,463.05,459.36,460.89,990.29
2014-07-21 00:00:00,464.23,459.46,461.72,970.41
2014-07-20 00:00:00,471.30,460.24,464.52,517.75
2014-07-19 00:00:00,471.27,462.00,465.60,542.48
2014-07-18 00:00:00,464.76,457.78,460.92,1605.64
2014-07-17 00:00:00,462.54,451.74,458.86,1416.37
2014-07-16 00:00:00,460.28,452.84,458.70,1030.62
2014-07-15 00:00:00,461.82,456.16,459.27,1068.38
2014-07-14 00:00:00,463.26,456.08,459.16,1221.28
2014-07-13 00:00:00,469.40,461.83,465.07,646.25
2014-07-12 00:00:00,474.37,463.60,466.49,636.02
2014-07-11 00:00:00,465.66,453.05,459.17,1434.14
2014-07-10 00:00:00,462.05,448.81,455.30,1367.95
2014-07-09 00:00:00,463.19,457.09,459.63,1037.04
2014-07-08 00:00:00,463.31,456.35,459.82,1015.45
2014-07-07 00:00:00,469.82,456.70,463.67,1784.72
2014-07-06 00:00:00,469.64,463.73,467.10,675.12
2014-07-05 00:00:00,467.74,461.32,464.64,525.12
2014-07-04 00:00:00,477.01,460.28,467.98,1560.91
2014-07-03 00:00:00,474.80,468.94,471.74,1222.82
2014-07-02 00:00:00,501.89,464.57,470.37,1651.51
2014-07-01 00:00:00,477.10,465.10,471.23,2798.59
2014-06-30 00:00:00,468.35,436.75,452.75,4041.0
2014-06-29 00:00:00,439.17,432.58,435.94,561.24
2014-06-28 00:00:00,440.39,433.96,436.95,1007.81
2014-06-27 00:00:00,435.51,435.51,435.51,2227.9
2014-06-26 00:00:00,427.46,427.46,427.46,2114.25
2014-06-25 00:00:00,428.18,412.95,419.76,2293.72
2014-06-24 00:00:00,435.36,424.79,432.85,1455.38
2014-06-23 00:00:00,442.58,431.45,435.32,1323.42
2014-06-22 00:00:00,443.35,434.60,439.80,830.32
2014-06-21 00:00:00,448.79,434.93,438.49,708.56
2014-06-20 00:00:00,440.76,429.07,437.43,1456.31
2014-06-19 00:00:00,449.42,438.51,445.76,1281.66
2014-06-18 00:00:00,452.38,446.77,449.58,1503.05
2014-06-17 00:00:00,448.67,434.39,441.92,2006.38
2014-06-16 00:00:00,451.65,433.13,442.57,2746.91
2014-06-15 00:00:00,436.16,410.65,419.49,2017.81
2014-06-14 00:00:00,439.18,404.22,424.49,3004.65
2014-06-13 00:00:00,453.60,425.54,438.47,3648.03
2014-06-12 00:00:00,465.76,416.16,457.20,4406.1
2014-06-11 00:00:00,479.74,461.49,472.86,2133.53
2014-06-10 00:00:00,481.02,474.57,477.90,1991.02
2014-06-09 00:00:00,484.11,475.06,478.82,1238.9
2014-06-08 00:00:00,485.49,479.73,482.18,447.34
2014-06-07 00:00:00,482.09,475.77,479.98,1000.76
2014-06-06 00:00:00,486.83,480.53,484.06,1605.05
2014-06-05 00:00:00,487.67,472.69,480.55,2283.52
2014-06-04 00:00:00,492.20,465.50,474.99,2846.45
2014-06-03 00:00:00,493.68,480.72,486.45,2806.91
2014-06-02 00:00:00,486.07,456.38,467.28,2983.67
2014-06-01 00:00:00,491.53,453.71,470.56,3492.04
2014-05-31 00:00:00,456.28,444.83,451.38,1149.95
2014-05-30 00:00:00,452.72,418.71,438.03,3295.75
2014-05-29 00:00:00,419.30,413.48,416.67,1241.71
2014-05-28 00:00:00,423.86,416.07,420.63,2004.33
2014-05-27 00:00:00,429.99,405.30,420.62,3997.22
2014-05-26 00:00:00,430.07,414.65,425.16,2505.9
2014-05-25 00:00:00,422.18,385.19,410.30,3352.66
2014-05-24 00:00:00,385.55,379.45,383.13,1293.66
2014-05-23 00:00:00,398.18,382.18,388.49,3498.48
2014-05-22 00:00:00,385.54,359.09,372.50,3660.44
2014-05-21 00:00:00,361.53,353.20,358.51,2162.35
2014-05-20 00:00:00,357.31,326.18,338.62,3867.15
2014-05-19 00:00:00,328.30,324.79,326.41,1117.22
2014-05-18 00:00:00,339.18,326.77,334.39,615.05
2014-05-17 00:00:00,337.70,329.42,333.29,560.2
2014-05-16 00:00:00,331.29,326.79,329.40,1107.65
2014-05-15 00:00:00,329.58,324.61,327.30,1965.27
2014-05-14 00:00:00,326.85,320.75,323.21,2490.23
2014-05-13 00:00:00,324.85,319.01,321.65,1654.83
2014-05-12 00:00:00,324.37,317.24,321.04,1275.92
2014-05-11 00:00:00,330.67,318.04,325.22,1128.95
2014-05-10 00:00:00,329.62,326.07,327.82,774.42
2014-05-09 00:00:00,329.66,320.21,324.77,1837.57
2014-05-08 00:00:00,321.61,318.59,320.07,1511.21
2014-05-07 00:00:00,321.86,311.00,315.57,2777.05
2014-05-06 00:00:00,315.99,310.07,312.47,1715.14
2014-05-05 00:00:00,317.55,310.86,313.85,1582.22
2014-05-04 00:00:00,319.05,311.89,314.92,689.59
2014-05-03 00:00:00,326.84,313.35,320.70,1174.35
2014-05-02 00:00:00,330.99,323.19,326.21,1332.02
2014-05-01 00:00:00,332.37,323.55,328.79,1526.79
2014-04-30 00:00:00,327.48,319.38,323.43,2049.05
2014-04-29 00:00:00,326.43,316.22,322.68,2228.35
2014-04-28 00:00:00,326.31,309.35,317.99,2352.34
2014-04-27 00:00:00,338.80,316.78,330.44,1227.44
2014-04-26 00:00:00,339.53,329.15,334.16,1216.45
2014-04-25 00:00:00,360.54,324.96,338.83,3074.07
2014-04-24 00:00:00,360.98,349.76,354.71,1941.57
2014-04-23 00:00:00,359.34,353.52,355.71,1379.13
2014-04-22 00:00:00,363.50,354.85,359.44,1061.22
2014-04-21 00:00:00,374.73,358.82,364.13,977.91
2014-04-20 00:00:00,369.59,359.52,365.10,821.98
2014-04-19 00:00:00,366.30,348.44,359.34,1287.12
2014-04-18 00:00:00,365.75,346.82,355.68,1396.1
2014-04-17 00:00:00,381.39,355.27,368.28,2662.86
2014-04-16 00:00:00,395.45,363.82,374.69,4499.06
2014-04-15 00:00:00,375.19,331.27,353.84,4806.38
2014-04-14 00:00:00,337.37,300.43,323.75,4284.22
2014-04-13 00:00:00,311.80,291.66,304.51,1418.95
2014-04-12 00:00:00,320.16,307.64,312.69,1089.76
2014-04-11 00:00:00,313.58,256.98,294.04,5290.53
2014-04-10 00:00:00,327.19,265.99,301.60,6122.64
2014-04-09 00:00:00,334.80,325.33,330.33,2017.54
2014-04-08 00:00:00,337.01,331.62,334.49,1354.4
2014-04-07 00:00:00,339.29,331.38,335.85,1531.63
2014-04-06 00:00:00,340.28,332.39,337.05,848.22
2014-04-05 00:00:00,338.29,328.84,332.51,1059.6
2014-04-04 00:00:00,336.27,324.01,329.68,2054.99
2014-04-03 00:00:00,334.38,313.51,324.29,3154.46
2014-04-02 00:00:00,368.19,323.69,350.21,4110.77
2014-04-01 00:00:00,364.76,334.50,353.70,3351.41
2014-03-31 00:00:00,352.64,330.13,339.19,1466.21
2014-03-30 00:00:00,367.71,327.48,350.18,3790.51
2014-03-29 00:00:00,376.78,366.88,372.38,1182.41
2014-03-28 00:00:00,390.71,363.85,377.73,3143.49
2014-03-27 00:00:00,426.32,364.92,404.11,5281.21
2014-03-26 00:00:00,426.79,415.97,422.41,1628.72
2014-03-25 00:00:00,425.96,416.63,420.53,1687.42
2014-03-24 00:00:00,425.29,404.52,411.47,2250.96
2014-03-23 00:00:00,417.52,411.02,414.21,711.12
2014-03-22 00:00:00,418.88,404.73,412.69,1644.79
2014-03-21 00:00:00,438.67,416.91,425.08,2570.77
2014-03-20 00:00:00,427.76,425.28,426.51,2122.75
2014-03-19 00:00:00,440.68,439.21,440.10,1804.62
2014-03-18 00:00:00,445.79,443.47,444.56,2212.43
2014-03-17 00:00:00,450.83,449.94,450.30,1518.45
2014-03-16 00:00:00,458.47,456.86,457.56,502.22
2014-03-15 00:00:00,460.28,458.45,459.50,761.42
2014-03-14 00:00:00,458.44,457.19,457.68,1403.45
2014-03-13 00:00:00,463.35,462.16,462.60,1306.75
2014-03-12 00:00:00,460.22,458.49,459.17,1762.22
2014-03-11 00:00:00,460.38,458.49,459.42,1439.73
2014-03-10 00:00:00,454.86,454.06,454.35,1784.16
2014-03-09 00:00:00,466.53,463.94,465.40,1239.07
2014-03-08 00:00:00,452.22,450.54,451.39,1234.75
2014-03-07 00:00:00,461.56,458.28,460.48,2470.14
2014-03-06 00:00:00,478.52,476.85,477.65,1768.43
2014-03-05 00:00:00,484.84,482.93,483.89,2200.17
2014-03-04 00:00:00,487.69,483.94,486.08,4126.58
2014-03-03 00:00:00,478.16,472.93,475.68,6351.16
2014-03-02 00:00:00,415.07,410.44,411.39,1085.25
2014-03-01 00:00:00,418.84,416.57,417.10,1251.33
2014-02-28 00:00:00,416.05,409.60,412.75,3286.73
2014-02-27 00:00:00,440.77,430.22,433.40,2041.22
2014-02-26 00:00:00,431.99,427.61,429.74,4608.54
2014-02-25 00:00:00,397.42,389.59,393.66,8498.26
2014-02-24 00:00:00,417.11,409.94,414.39,2586.63
2014-02-23 00:00:00,455.80,452.35,453.80,2651.02
2014-02-22 00:00:00,448.39,444.38,446.51,2489.85
2014-02-21 00:00:00,419.57,415.50,417.28,3215.18
2014-02-20 00:00:00,419.93,409.44,415.94,3942.05
2014-02-19 00:00:00,462.55,461.10,461.93,1401.9
2014-02-18 00:00:00,470.70,468.50,469.77,1631.56
2014-02-17 00:00:00,468.78,466.67,467.66,2148.19
2014-02-16 00:00:00,457.29,445.39,452.44,2574.7
2014-02-15 00:00:00,481.89,476.09,479.40,1124.84
2014-02-14 00:00:00,494.58,492.49,493.72,5341.71
2014-02-13 00:00:00,464.86,456.46,461.99,2854.32
2014-02-12 00:00:00,496.88,493.96,495.03,1916.93
2014-02-11 00:00:00,498.04,489.20,493.10,3173.92
2014-02-10 00:00:00,504.96,496.36,501.18,6094.54
2014-02-09 00:00:00,508.83,501.04,505.75,3643.82
2014-02-08 00:00:00,508.39,493.59,499.54,4678.34
2014-02-07 00:00:00,550.19,529.69,544.69,10933.88
2014-02-06 00:00:00,595.50,589.32,591.20,4189.03
2014-02-05 00:00:00,624.31,616.07,617.62,1912.85
2014-02-04 00:00:00,631.98,627.28,629.63,1801.95
2014-02-03 00:00:00,627.39,623.45,625.07,1748.22
2014-02-02 00:00:00,624.22,620.73,622.92,982.22
2014-02-01 00:00:00,627.08,623.38,625.42,1362.41
2014-01-31 00:00:00,618.72,614.38,616.00,1276.83
2014-01-30 00:00:00,629.35,620.15,625.22,2451.77
2014-01-29 00:00:00,635.19,628.53,630.64,2028.98
2014-01-28 00:00:00,624.52,619.00,621.25,3260.81
2014-01-27 00:00:00,602.50,592.02,597.08,3832.43
2014-01-26 00:00:00,686.02,676.51,680.66,3515.08
2014-01-25 00:00:00,649.24,641.86,644.74,1767.76
2014-01-24 00:00:00,612.34,604.51,607.70,2663.39
2014-01-23 00:00:00,619.18,616.81,617.93,1979.53
2014-01-22 00:00:00,630.18,625.40,627.75,2044.11
2014-01-21 00:00:00,648.25,645.21,646.43,2153.33
2014-01-20 00:00:00,656.15,647.05,651.12,2255.02
2014-01-19 00:00:00,639.30,628.62,634.05,1323.37
2014-01-18 00:00:00,618.73,613.45,615.62,1179.14
2014-01-17 00:00:00,611.92,607.75,610.46,3710.66
2014-01-16 00:00:00,629.82,626.05,627.10,1682.19
2014-01-15 00:00:00,644.36,638.72,640.71,2263.54
2014-01-14 00:00:00,622.35,620.03,621.39,1861.69
2014-01-13 00:00:00,633.36,629.38,631.16,3135.91
2014-01-12 00:00:00,637.87,633.07,635.94,2246.5
2014-01-11 00:00:00,659.58,650.71,655.55,2027.82
2014-01-10 00:00:00,679.80,672.78,676.05,2498.27
2014-01-09 00:00:00,641.15,637.70,638.72,2105.29
2014-01-08 00:00:00,652.01,644.32,647.97,2029.68
2014-01-07 00:00:00,655.31,650.89,653.51,5520.38
2014-01-06 00:00:00,701.60,689.09,695.40,3926.56
2014-01-05 00:00:00,749.19,736.09,741.42,6273.06
2014-01-04 00:00:00,650.75,645.26,648.02,2947.95
2014-01-03 00:00:00,608.46,605.29,606.69,1917.14
2014-01-02 00:00:00,613.73,609.25,611.79,4139.92
2014-01-01 00:00:00,563.96,555.19,558.23,1224.65
2013-12-31 00:00:00,563.03,563.03,563.03,1471.99
2013-12-30 00:00:00,546.23,544.12,545.15,1355.26
2013-12-29 00:00:00,554.34,545.14,548.80,1411.11
2013-12-28 00:00:00,545.35,538.58,543.10,1754.65
2013-12-27 00:00:00,556.80,552.13,553.28,2176.28
2013-12-26 00:00:00,574.29,561.82,568.29,3472.47
2013-12-25 00:00:00,539.99,529.11,532.98,1868.78
2013-12-24 00:00:00,503.35,498.22,501.47,847.39
2013-12-23 00:00:00,504.66,499.54,501.09,1685.66
2013-12-22 00:00:00,487.90,482.72,484.45,1444.93
2013-12-21 00:00:00,501.47,482.77,492.90,2513.25
2013-12-20 00:00:00,475.61,468.09,473.12,4169.18
2013-12-19 00:00:00,540.31,528.47,534.34,6515.32
2013-12-18 00:00:00,465.99,453.14,460.56,15288.79
2013-12-17 00:00:00,403.41,361.90,386.67,13653.49
2013-12-16 00:00:00,547.68,528.16,538.20,12008.77
2013-12-15 00:00:00,632.20,624.55,627.80,1822.35
2013-12-14 00:00:00,626.24,614.84,620.31,1641.78
2013-12-13 00:00:00,653.10,650.26,651.93,2260.8
2013-12-12 00:00:00,685.61,673.67,679.30,3469.14
2013-12-11 00:00:00,664.71,652.02,660.08,4497.68
2013-12-10 00:00:00,717.96,686.06,707.65,5279.65
2013-12-09 00:00:00,692.81,681.56,688.43,4077.09
2013-12-08 00:00:00,691.85,674.52,684.80,6466.79
2013-12-07 00:00:00,587.25,566.14,578.68,9465.02
2013-12-06 00:00:00,485.52,485.52,485.52,19468.75
2013-12-05 00:00:00,785.12,772.40,777.34,12324.13
2013-12-04 00:00:00,828.83,771.62,789.97,7786.51
2013-12-03 00:00:00,830.22,819.08,823.21,3883.58
2013-12-02 00:00:00,813.98,796.28,802.63,4065.77
2013-12-01 00:00:00,808.65,781.51,795.09,13263.64
2013-11-30 00:00:00,836.37,815.65,826.66,3015.53
2013-11-29 00:00:00,858.90,845.78,855.02,4577.08
2013-11-28 00:00:00,840.42,818.70,831.46,7847.27
2013-11-27 00:00:00,768.20,756.13,764.37,6211.27
2013-11-26 00:00:00,705.88,694.28,701.81,5962.83
2013-11-25 00:00:00,631.00,624.05,627.65,3202.64
2013-11-24 00:00:00,606.23,595.30,601.22,2180.72
2013-11-23 00:00:00,593.27,574.33,583.61,3580.4
2013-11-22 00:00:00,642.09,619.22,632.18,4712.04
2013-11-21 00:00:00,544.27,531.60,536.68,6586.99
2013-11-20 00:00:00,495.43,483.40,490.38,14752.33
2013-11-19 00:00:00,395.15,383.00,390.84,21790.01
2013-11-18 00:00:00,572.08,506.94,549.46,17196.27
2013-11-17 00:00:00,461.68,402.57,431.82,8658.28
2013-11-16 00:00:00,357.48,353.33,354.85,4115.59
2013-11-15 00:00:00,324.83,320.20,322.72,5772.36
2013-11-14 00:00:00,317.99,312.37,315.81,5731.42
2013-11-13 00:00:00,317.73,308.69,313.61,11242.71
2013-11-12 00:00:00,277.87,275.29,276.46,4178.4
2013-11-11 00:00:00,276.55,270.67,273.26,5576.1
2013-11-10 00:00:00,252.79,248.55,251.11,8179.62
2013-11-09 00:00:00,263.94,251.27,258.74,13862.54
2013-11-08 00:00:00,270.55,262.46,265.37,10490.41
2013-11-07 00:00:00,241.11,235.90,239.41,14342.95
2013-11-06 00:00:00,217.79,202.84,213.68,12283.14
2013-11-05 00:00:00,194.72,191.82,192.91,14618.18
2013-11-04 00:00:00,176.27,173.10,175.02,7773.15
2013-11-03 00:00:00,163.74,162.24,162.82,5470.42
2013-11-02 00:00:00,156.62,153.91,155.41,1665.77
2013-11-01 00:00:00,155.87,155.87,155.87,1918.07
2013-10-31 00:00:00,151.73,149.74,150.80,2713.37
2013-10-30 00:00:00,151.33,148.52,150.39,4315.8
2013-10-29 00:00:00,152.01,148.26,150.69,3286.85
2013-10-28 00:00:00,146.22,146.22,146.22,2960.24
2013-10-27 00:00:00,145.86,145.86,145.86,2646.39
2013-10-26 00:00:00,146.66,143.99,145.15,2247.81
2013-10-25 00:00:00,137.82,136.70,137.20,2018.26
2013-10-24 00:00:00,138.06,135.25,136.65,7701.95
2013-10-23 00:00:00,147.66,144.63,146.34,20917.3
2013-10-22 00:00:00,156.11,154.64,155.38,8289.47
2013-10-21 00:00:00,143.15,140.33,141.79,7646.64
2013-10-20 00:00:00,138.45,135.48,136.72,6425.74
2013-10-19 00:00:00,128.97,127.61,128.25,2082.69
2013-10-18 00:00:00,129.07,124.88,127.43,14150.94
2013-10-17 00:00:00,116.87,115.46,116.20,6149.14
2013-10-16 00:00:00,112.04,110.22,111.11,3798.27
2013-10-15 00:00:00,109.89,107.94,108.63,10042.69
2013-10-14 00:00:00,109.14,108.17,108.67,6587.02
2013-10-13 00:00:00,106.06,105.30,105.81,9878.62
2013-10-12 00:00:00,101.77,101.36,101.66,3304.6
2013-10-11 00:00:00,102.05,101.24,101.51,1512.33
2013-10-10 00:00:00,98.97,98.18,98.34,1346.45
2013-10-09 00:00:00,100.08,99.41,99.59,2341.78
2013-10-08 00:00:00,100.06,98.30,99.13,3171.27
2013-10-07 00:00:00,97.29,96.24,96.76,2753.59
2013-10-06 00:00:00,97.49,96.58,97.18,2645.39
2013-10-05 00:00:00,97.20,96.48,97.10,1252.45
2013-10-04 00:00:00,97.12,95.40,96.18,1478.98
2013-10-03 00:00:00,98.09,98.09,98.09,4967.32
2013-10-02 00:00:00,94.49,93.66,93.97,19372.69
2013-10-01 00:00:00,98.98,98.46,98.65,3641.44
2013-09-30 00:00:00,101.21,98.70,99.87,3058.16
2013-09-29 00:00:00,102.17,101.02,101.34,3677.74
2013-09-28 00:00:00,103.35,102.40,102.78,3570.47
2013-09-27 00:00:00,99.66,97.72,98.07,1502.82
2013-09-26 00:00:00,98.04,97.41,97.66,3638.01
2013-09-25 00:00:00,97.54,96.73,97.09,2747.25
2013-09-24 00:00:00,96.67,95.52,95.97,3723.4
2013-09-23 00:00:00,97.14,95.50,96.28,2270.37
2013-09-22 00:00:00,99.35,98.17,98.82,1440.64
2013-09-21 00:00:00,98.09,97.35,97.94,649.74
2013-09-20 00:00:00,98.17,97.11,97.66,1750.96
2013-09-19 00:00:00,101.94,101.94,101.94,4557.0
2013-09-18 00:00:00,98.50,98.50,98.50,2125.74
2013-09-17 00:00:00,99.24,99.24,99.24,3153.35
2013-09-16 00:00:00,99.93,98.96,99.35,2489.38
2013-09-15 00:00:00,101.56,100.71,101.00,3794.57
2013-09-14 00:00:00,98.55,97.28,97.75,1235.92
2013-09-13 00:00:00,99.85,97.78,98.55,1856.48
2013-09-12 00:00:00,101.77,100.74,101.30,3239.07
2013-09-11 00:00:00,101.76,99.56,100.78,4702.66
2013-09-10 00:00:00,101.34,98.73,99.41,5624.93
2013-09-09 00:00:00,98.57,96.54,97.48,3094.25
2013-09-08 00:00:00,98.54,98.25,98.38,5695.22
2013-09-07 00:00:00,94.73,93.41,94.07,1786.78
2013-09-06 00:00:00,96.94,95.76,96.55,3000.14
2013-09-05 00:00:00,93.53,93.53,93.53,3461.37
2013-09-04 00:00:00,102.50,99.45,100.47,7845.5
2013-09-03 00:00:00,102.95,102.95,102.95,3222.85
